Date,"Anchorage, AK","Anniston-Oxford-Jacksonville, AL","Auburn-Opelika, AL","Bakersfield, CA","Birmingham-Hoover, AL","Chico, CA","Daphne-Fairhope-Foley, AL","Decatur, AL","Dothan, AL","El Centro, CA","Fairbanks, AK","Fayetteville-Springdale-Rogers, AR-MO","Flagstaff, AZ","Florence-Muscle Shoals, AL","Fort Smith, AR-OK","Fresno, CA","Gadsden, AL","Hanford-Corcoran, CA","Hot Springs, AR","Huntsville, AL","Jonesboro, AR","Lake Havasu City-Kingman, AZ","Little Rock-North Little Rock-Conway, AR","Los Angeles-Long Beach-Anaheim, CA","Madera, CA","Merced, CA","Mobile, AL","Modesto, CA","Montgomery, AL","Napa, CA","Oxnard-Thousand Oaks-Ventura, CA","Phoenix-Mesa-Scottsdale, AZ","Pine Bluff, AR","Prescott, AZ","Redding, CA","Riverside-San Bernardino-Ontario, CA","Sacramento-Roseville-Arden-Arcade, CA","Salinas, CA","San Diego-Carlsbad, CA","San Francisco-Oakland-Hayward, CA","San Jose-Sunnyvale-Santa Clara, CA","San Luis Obispo-Paso Robles-Arroyo Grande, CA","Santa Cruz-Watsonville, CA","Santa Maria-Santa Barbara, CA","Santa Rosa, CA","Sierra Vista-Douglas, AZ","Stockton-Lodi, CA","Tucson, AZ","Tuscaloosa, AL","Yuma, AZ","Anchorage, AK","Anniston-Oxford-Jacksonville, AL","Auburn-Opelika, AL","Bakersfield, CA","Birmingham-Hoover, AL","Chico, CA","Daphne-Fairhope-Foley, AL","Decatur, AL","Dothan, AL","El Centro, CA","Fairbanks, AK","Fayetteville-Springdale-Rogers, AR-MO","Flagstaff, AZ","Florence-Muscle Shoals, AL","Fort Smith, AR-OK","Fresno, CA","Gadsden, AL","Hanford-Corcoran, CA","Hot Springs, AR","Huntsville, AL","Jonesboro, AR","Lake Havasu City-Kingman, AZ","Little Rock-North Little Rock-Conway, AR","Los Angeles-Long Beach-Anaheim, CA","Madera, CA","Merced, CA","Mobile, AL","Modesto, CA","Montgomery, AL","Napa, CA","Oxnard-Thousand Oaks-Ventura, CA","Phoenix-Mesa-Scottsdale, AZ","Pine Bluff, AR","Prescott, AZ","Redding, CA","Riverside-San Bernardino-Ontario, CA","Sacramento-Roseville-Arden-Arcade, CA","Salinas, CA","San Diego-Carlsbad, CA","San Francisco-Oakland-Hayward, CA","San Jose-Sunnyvale-Santa Clara, CA","San Luis Obispo-Paso Robles-Arroyo Grande, CA","Santa Cruz-Watsonville, CA","Santa Maria-Santa Barbara, CA","Santa Rosa, CA","Sierra Vista-Douglas, AZ","Stockton-Lodi, CA","Tucson, AZ","Tuscaloosa, AL","Yuma, AZ","Anchorage, AK","Anniston-Oxford-Jacksonville, AL","Auburn-Opelika, AL","Bakersfield, CA","Birmingham-Hoover, AL","Chico, CA","Daphne-Fairhope-Foley, AL","Decatur, AL","Dothan, AL","El Centro, CA","Fairbanks, AK","Fayetteville-Springdale-Rogers, AR-MO","Flagstaff, AZ","Florence-Muscle Shoals, AL","Fort Smith, AR-OK","Fresno, CA","Gadsden, AL","Hanford-Corcoran, CA","Hot Springs, AR","Huntsville, AL","Jonesboro, AR","Lake Havasu City-Kingman, AZ","Little Rock-North Little Rock-Conway, AR","Los Angeles-Long Beach-Anaheim, CA","Madera, CA","Merced, CA","Mobile, AL","Modesto, CA","Montgomery, AL","Napa, CA","Oxnard-Thousand Oaks-Ventura, CA","Phoenix-Mesa-Scottsdale, AZ","Pine Bluff, AR","Prescott, AZ","Redding, CA","Riverside-San Bernardino-Ontario, CA","Sacramento-Roseville-Arden-Arcade, CA","Salinas, CA","San Diego-Carlsbad, CA","San Francisco-Oakland-Hayward, CA","San Jose-Sunnyvale-Santa Clara, CA","San Luis Obispo-Paso Robles-Arroyo Grande, CA","Santa Cruz-Watsonville, CA","Santa Maria-Santa Barbara, CA","Santa Rosa, CA","Sierra Vista-Douglas, AZ","Stockton-Lodi, CA","Tucson, AZ","Tuscaloosa, AL","Yuma, AZ","Anchorage, AK","Anniston-Oxford-Jacksonville, AL","Auburn-Opelika, AL","Bakersfield, CA","Birmingham-Hoover, AL","Chico, CA","Daphne-Fairhope-Foley, AL","Decatur, AL","Dothan, AL","El Centro, CA","Fairbanks, AK","Fayetteville-Springdale-Rogers, AR-MO","Flagstaff, AZ","Florence-Muscle Shoals, AL","Fort Smith, AR-OK","Fresno, CA","Gadsden, AL","Hanford-Corcoran, CA","Hot Springs, AR","Huntsville, AL","Jonesboro, AR","Lake Havasu City-Kingman, AZ","Little Rock-North Little Rock-Conway, AR","Los Angeles-Long Beach-Anaheim, CA","Madera, CA","Merced, CA","Mobile, AL","Modesto, CA","Montgomery, AL","Napa, CA","Oxnard-Thousand Oaks-Ventura, CA","Phoenix-Mesa-Scottsdale, AZ","Pine Bluff, AR","Prescott, AZ","Redding, CA","Riverside-San Bernardino-Ontario, CA","Sacramento-Roseville-Arden-Arcade, CA","Salinas, CA","San Diego-Carlsbad, CA","San Francisco-Oakland-Hayward, CA","San Jose-Sunnyvale-Santa Clara, CA","San Luis Obispo-Paso Robles-Arroyo Grande, CA","Santa Cruz-Watsonville, CA","Santa Maria-Santa Barbara, CA","Santa Rosa, CA","Sierra Vista-Douglas, AZ","Stockton-Lodi, CA","Tucson, AZ","Tuscaloosa, AL","Yuma, AZ","Anchorage, AK","Anniston-Oxford-Jacksonville, AL","Auburn-Opelika, AL","Bakersfield, CA","Birmingham-Hoover, AL","Chico, CA","Daphne-Fairhope-Foley, AL","Decatur, AL","Dothan, AL","El Centro, CA","Fairbanks, AK","Fayetteville-Springdale-Rogers, AR-MO","Flagstaff, AZ","Florence-Muscle Shoals, AL","Fort Smith, AR-OK","Fresno, CA","Gadsden, AL","Hanford-Corcoran, CA","Hot Springs, AR","Huntsville, AL","Jonesboro, AR","Lake Havasu City-Kingman, AZ","Little Rock-North Little Rock-Conway, AR","Los Angeles-Long Beach-Anaheim, CA","Madera, CA","Merced, CA","Mobile, AL","Modesto, CA","Montgomery, AL","Napa, CA","Oxnard-Thousand Oaks-Ventura, CA","Phoenix-Mesa-Scottsdale, AZ","Pine Bluff, AR","Prescott, AZ","Redding, CA","Riverside-San Bernardino-Ontario, CA","Sacramento-Roseville-Arden-Arcade, CA","Salinas, CA","San Diego-Carlsbad, CA","San Francisco-Oakland-Hayward, CA","San Jose-Sunnyvale-Santa Clara, CA","San Luis Obispo-Paso Robles-Arroyo Grande, CA","Santa Cruz-Watsonville, CA","Santa Maria-Santa Barbara, CA","Santa Rosa, CA","Sierra Vista-Douglas, AZ","Stockton-Lodi, CA","Tucson, AZ","Tuscaloosa, AL","Yuma, AZ","Anchorage, AK","Anniston-Oxford-Jacksonville, AL","Auburn-Opelika, AL","Bakersfield, CA","Birmingham-Hoover, AL","Chico, CA","Daphne-Fairhope-Foley, AL","Decatur, AL","Dothan, AL","El Centro, CA","Fairbanks, AK","Fayetteville-Springdale-Rogers, AR-MO","Flagstaff, AZ","Florence-Muscle Shoals, AL","Fort Smith, AR-OK","Fresno, CA","Gadsden, AL","Hanford-Corcoran, CA","Hot Springs, AR","Huntsville, AL","Jonesboro, AR","Lake Havasu City-Kingman, AZ","Little Rock-North Little Rock-Conway, AR","Los Angeles-Long Beach-Anaheim, CA","Madera, CA","Merced, CA","Mobile, AL","Modesto, CA","Montgomery, AL","Napa, CA","Oxnard-Thousand Oaks-Ventura, CA","Phoenix-Mesa-Scottsdale, AZ","Pine Bluff, AR","Prescott, AZ","Redding, CA","Riverside-San Bernardino-Ontario, CA","Sacramento-Roseville-Arden-Arcade, CA","Salinas, CA","San Diego-Carlsbad, CA","San Francisco-Oakland-Hayward, CA","San Jose-Sunnyvale-Santa Clara, CA","San Luis Obispo-Paso Robles-Arroyo Grande, CA","Santa Cruz-Watsonville, CA","Santa Maria-Santa Barbara, CA","Santa Rosa, CA","Sierra Vista-Douglas, AZ","Stockton-Lodi, CA","Tucson, AZ","Tuscaloosa, AL","Yuma, AZ","Anchorage, AK","Anniston-Oxford-Jacksonville, AL","Auburn-Opelika, AL","Bakersfield, CA","Birmingham-Hoover, AL","Chico, CA","Daphne-Fairhope-Foley, AL","Decatur, AL","Dothan, AL","El Centro, CA","Fairbanks, AK","Fayetteville-Springdale-Rogers, AR-MO","Flagstaff, AZ","Florence-Muscle Shoals, AL","Fort Smith, AR-OK","Fresno, CA","Gadsden, AL","Hanford-Corcoran, CA","Hot Springs, AR","Huntsville, AL","Jonesboro, AR","Lake Havasu City-Kingman, AZ","Little Rock-North Little Rock-Conway, AR","Los Angeles-Long Beach-Anaheim, CA","Madera, CA","Merced, CA","Mobile, AL","Modesto, CA","Montgomery, AL","Napa, CA","Oxnard-Thousand Oaks-Ventura, CA","Phoenix-Mesa-Scottsdale, AZ","Pine Bluff, AR","Prescott, AZ","Redding, CA","Riverside-San Bernardino-Ontario, CA","Sacramento-Roseville-Arden-Arcade, CA","Salinas, CA","San Diego-Carlsbad, CA","San Francisco-Oakland-Hayward, CA","San Jose-Sunnyvale-Santa Clara, CA","San Luis Obispo-Paso Robles-Arroyo Grande, CA","Santa Cruz-Watsonville, CA","Santa Maria-Santa Barbara, CA","Santa Rosa, CA","Sierra Vista-Douglas, AZ","Stockton-Lodi, CA","Tucson, AZ","Tuscaloosa, AL","Yuma, AZ"
Jan-18,199874,45776,72910,381843,540567,100478,90321,69269,62160,71287,45245,267882,73233,64684,118677,440216,42761,57948,40025,219377,63016,83037,348210,6677973,61913,113169,186881,240621,171610,71581,421241,2353544,34648,101799,73914,2036949,1078889,208918,1572680,2531336,1061763,138924,138803,209632,257802,48462,321600,478268,113848,93556,199874,45776,72910,381843,540567,100478,90321,69269,62160,71287,45245,267882,73233,64684,118677,440216,42761,57948,40025,219377,63016,83037,348210,6677973,61913,113169,186881,240621,171610,71581,421241,2353544,34648,101799,73914,2036949,1078889,208918,1572680,2531336,1061763,138924,138803,209632,257802,48462,321600,478268,113848,93556,199874,45776,72910,381843,540567,100478,90321,69269,62160,71287,45245,267882,73233,64684,118677,440216,42761,57948,40025,219377,63016,83037,348210,6677973,61913,113169,186881,240621,171610,71581,421241,2353544,34648,101799,73914,2036949,1078889,208918,1572680,2531336,1061763,138924,138803,209632,257802,48462,321600,478268,113848,93556,199874,45776,72910,381843,540567,100478,90321,69269,62160,71287,45245,267882,73233,64684,118677,440216,42761,57948,40025,219377,63016,83037,348210,6677973,61913,113169,186881,240621,171610,71581,421241,2353544,34648,101799,73914,2036949,1078889,208918,1572680,2531336,1061763,138924,138803,209632,257802,48462,321600,478268,113848,93556,199874,45776,72910,381843,540567,100478,90321,69269,62160,71287,45245,267882,73233,64684,118677,440216,42761,57948,40025,219377,63016,83037,348210,6677973,61913,113169,186881,240621,171610,71581,421241,2353544,34648,101799,73914,2036949,1078889,208918,1572680,2531336,1061763,138924,138803,209632,257802,48462,321600,478268,113848,93556,199874,45776,72910,381843,540567,100478,90321,69269,62160,71287,45245,267882,73233,64684,118677,440216,42761,57948,40025,219377,63016,83037,348210,6677973,61913,113169,186881,240621,171610,71581,421241,2353544,34648,101799,73914,2036949,1078889,208918,1572680,2531336,1061763,138924,138803,209632,257802,48462,321600,478268,113848,93556,199874,45776,72910,381843,540567,100478,90321,69269,62160,71287,45245,267882,73233,64684,118677,440216,42761,57948,40025,219377,63016,83037,348210,6677973,61913,113169,186881,240621,171610,71581,421241,2353544,34648,101799,73914,2036949,1078889,208918,1572680,2531336,1061763,138924,138803,209632,257802,48462,321600,478268,113848,93556
Feb-18,198164,46311,74527,384706,546264,100921,92212,70197,62856,71076,45186,273624,73961,65261,120022,446467,43170,58941,40648,223582,63732,83667,352303,6738470,63663,115987,188302,242532,173330,73559,425812,2377949,35261,103474,73896,2044339,1086025,215208,1583363,2552962,1071254,141440,141316,214816,260457,48725,325321,483815,115842,90868,198164,46311,74527,384706,546264,100921,92212,70197,62856,71076,45186,273624,73961,65261,120022,446467,43170,58941,40648,223582,63732,83667,352303,6738470,63663,115987,188302,242532,173330,73559,425812,2377949,35261,103474,73896,2044339,1086025,215208,1583363,2552962,1071254,141440,141316,214816,260457,48725,325321,483815,115842,90868,198164,46311,74527,384706,546264,100921,92212,70197,62856,71076,45186,273624,73961,65261,120022,446467,43170,58941,40648,223582,63732,83667,352303,6738470,63663,115987,188302,242532,173330,73559,425812,2377949,35261,103474,73896,2044339,1086025,215208,1583363,2552962,1071254,141440,141316,214816,260457,48725,325321,483815,115842,90868,198164,46311,74527,384706,546264,100921,92212,70197,62856,71076,45186,273624,73961,65261,120022,446467,43170,58941,40648,223582,63732,83667,352303,6738470,63663,115987,188302,242532,173330,73559,425812,2377949,35261,103474,73896,2044339,1086025,215208,1583363,2552962,1071254,141440,141316,214816,260457,48725,325321,483815,115842,90868,198164,46311,74527,384706,546264,100921,92212,70197,62856,71076,45186,273624,73961,65261,120022,446467,43170,58941,40648,223582,63732,83667,352303,6738470,63663,115987,188302,242532,173330,73559,425812,2377949,35261,103474,73896,2044339,1086025,215208,1583363,2552962,1071254,141440,141316,214816,260457,48725,325321,483815,115842,90868,198164,46311,74527,384706,546264,100921,92212,70197,62856,71076,45186,273624,73961,65261,120022,446467,43170,58941,40648,223582,63732,83667,352303,6738470,63663,115987,188302,242532,173330,73559,425812,2377949,35261,103474,73896,2044339,1086025,215208,1583363,2552962,1071254,141440,141316,214816,260457,48725,325321,483815,115842,90868,198164,46311,74527,384706,546264,100921,92212,70197,62856,71076,45186,273624,73961,65261,120022,446467,43170,58941,40648,223582,63732,83667,352303,6738470,63663,115987,188302,242532,173330,73559,425812,2377949,35261,103474,73896,2044339,1086025,215208,1583363,2552962,1071254,141440,141316,214816,260457,48725,325321,483815,115842,90868
Mar-18,197754,46550,74782,376674,547009,102621,94368,70597,63046,70673,45285,274597,74842,65796,119773,446362,43522,57853,41040,223350,64006,83906,353283,6728259,61487,116236,188493,242770,173379,73347,425199,2381020,35218,104120,73908,2044762,1085145,216953,1582356,2555923,1070805,140860,141465,214951,259514,49181,324321,482650,115599,94717,197754,46550,74782,376674,547009,102621,94368,70597,63046,70673,45285,274597,74842,65796,119773,446362,43522,57853,41040,223350,64006,83906,353283,6728259,61487,116236,188493,242770,173379,73347,425199,2381020,35218,104120,73908,2044762,1085145,216953,1582356,2555923,1070805,140860,141465,214951,259514,49181,324321,482650,115599,94717,197754,46550,74782,376674,547009,102621,94368,70597,63046,70673,45285,274597,74842,65796,119773,446362,43522,57853,41040,223350,64006,83906,353283,6728259,61487,116236,188493,242770,173379,73347,425199,2381020,35218,104120,73908,2044762,1085145,216953,1582356,2555923,1070805,140860,141465,214951,259514,49181,324321,482650,115599,94717,197754,46550,74782,376674,547009,102621,94368,70597,63046,70673,45285,274597,74842,65796,119773,446362,43522,57853,41040,223350,64006,83906,353283,6728259,61487,116236,188493,242770,173379,73347,425199,2381020,35218,104120,73908,2044762,1085145,216953,1582356,2555923,1070805,140860,141465,214951,259514,49181,324321,482650,115599,94717,197754,46550,74782,376674,547009,102621,94368,70597,63046,70673,45285,274597,74842,65796,119773,446362,43522,57853,41040,223350,64006,83906,353283,6728259,61487,116236,188493,242770,173379,73347,425199,2381020,35218,104120,73908,2044762,1085145,216953,1582356,2555923,1070805,140860,141465,214951,259514,49181,324321,482650,115599,94717,197754,46550,74782,376674,547009,102621,94368,70597,63046,70673,45285,274597,74842,65796,119773,446362,43522,57853,41040,223350,64006,83906,353283,6728259,61487,116236,188493,242770,173379,73347,425199,2381020,35218,104120,73908,2044762,1085145,216953,1582356,2555923,1070805,140860,141465,214951,259514,49181,324321,482650,115599,94717,197754,46550,74782,376674,547009,102621,94368,70597,63046,70673,45285,274597,74842,65796,119773,446362,43522,57853,41040,223350,64006,83906,353283,6728259,61487,116236,188493,242770,173379,73347,425199,2381020,35218,104120,73908,2044762,1085145,216953,1582356,2555923,1070805,140860,141465,214951,259514,49181,324321,482650,115599,94717
Apr-18,196909,46239,74768,381840,546257,102487,95024,70653,63005,69034,45068,275619,75238,65879,120170,446015,43252,57468,41163,223808,64081,84304,354104,6702096,59869,115010,188385,242058,173428,73457,424884,2375169,35190,104567,73054,2030187,1080178,223655,1572832,2541123,1065550,140814,141141,215549,259452,49012,321522,482288,115462,92571,196909,46239,74768,381840,546257,102487,95024,70653,63005,69034,45068,275619,75238,65879,120170,446015,43252,57468,41163,223808,64081,84304,354104,6702096,59869,115010,188385,242058,173428,73457,424884,2375169,35190,104567,73054,2030187,1080178,223655,1572832,2541123,1065550,140814,141141,215549,259452,49012,321522,482288,115462,92571,196909,46239,74768,381840,546257,102487,95024,70653,63005,69034,45068,275619,75238,65879,120170,446015,43252,57468,41163,223808,64081,84304,354104,6702096,59869,115010,188385,242058,173428,73457,424884,2375169,35190,104567,73054,2030187,1080178,223655,1572832,2541123,1065550,140814,141141,215549,259452,49012,321522,482288,115462,92571,196909,46239,74768,381840,546257,102487,95024,70653,63005,69034,45068,275619,75238,65879,120170,446015,43252,57468,41163,223808,64081,84304,354104,6702096,59869,115010,188385,242058,173428,73457,424884,2375169,35190,104567,73054,2030187,1080178,223655,1572832,2541123,1065550,140814,141141,215549,259452,49012,321522,482288,115462,92571,196909,46239,74768,381840,546257,102487,95024,70653,63005,69034,45068,275619,75238,65879,120170,446015,43252,57468,41163,223808,64081,84304,354104,6702096,59869,115010,188385,242058,173428,73457,424884,2375169,35190,104567,73054,2030187,1080178,223655,1572832,2541123,1065550,140814,141141,215549,259452,49012,321522,482288,115462,92571,196909,46239,74768,381840,546257,102487,95024,70653,63005,69034,45068,275619,75238,65879,120170,446015,43252,57468,41163,223808,64081,84304,354104,6702096,59869,115010,188385,242058,173428,73457,424884,2375169,35190,104567,73054,2030187,1080178,223655,1572832,2541123,1065550,140814,141141,215549,259452,49012,321522,482288,115462,92571,196909,46239,74768,381840,546257,102487,95024,70653,63005,69034,45068,275619,75238,65879,120170,446015,43252,57468,41163,223808,64081,84304,354104,6702096,59869,115010,188385,242058,173428,73457,424884,2375169,35190,104567,73054,2030187,1080178,223655,1572832,2541123,1065550,140814,141141,215549,259452,49012,321522,482288,115462,92571
May-18,198116,46253,74638,385132,546787,102427,96338,71034,63076,70483,45965,275956,75749,65871,119972,447954,43263,57677,40636,223635,64693,84795,355011,6685584,61477,116126,187762,244663,173699,74716,424602,2375591,35312,105070,73384,2029287,1082851,227930,1572849,2545831,1068553,141417,142251,217164,261153,49402,325377,483118,115190,94332,198116,46253,74638,385132,546787,102427,96338,71034,63076,70483,45965,275956,75749,65871,119972,447954,43263,57677,40636,223635,64693,84795,355011,6685584,61477,116126,187762,244663,173699,74716,424602,2375591,35312,105070,73384,2029287,1082851,227930,1572849,2545831,1068553,141417,142251,217164,261153,49402,325377,483118,115190,94332,198116,46253,74638,385132,546787,102427,96338,71034,63076,70483,45965,275956,75749,65871,119972,447954,43263,57677,40636,223635,64693,84795,355011,6685584,61477,116126,187762,244663,173699,74716,424602,2375591,35312,105070,73384,2029287,1082851,227930,1572849,2545831,1068553,141417,142251,217164,261153,49402,325377,483118,115190,94332,198116,46253,74638,385132,546787,102427,96338,71034,63076,70483,45965,275956,75749,65871,119972,447954,43263,57677,40636,223635,64693,84795,355011,6685584,61477,116126,187762,244663,173699,74716,424602,2375591,35312,105070,73384,2029287,1082851,227930,1572849,2545831,1068553,141417,142251,217164,261153,49402,325377,483118,115190,94332,198116,46253,74638,385132,546787,102427,96338,71034,63076,70483,45965,275956,75749,65871,119972,447954,43263,57677,40636,223635,64693,84795,355011,6685584,61477,116126,187762,244663,173699,74716,424602,2375591,35312,105070,73384,2029287,1082851,227930,1572849,2545831,1068553,141417,142251,217164,261153,49402,325377,483118,115190,94332,198116,46253,74638,385132,546787,102427,96338,71034,63076,70483,45965,275956,75749,65871,119972,447954,43263,57677,40636,223635,64693,84795,355011,6685584,61477,116126,187762,244663,173699,74716,424602,2375591,35312,105070,73384,2029287,1082851,227930,1572849,2545831,1068553,141417,142251,217164,261153,49402,325377,483118,115190,94332,198116,46253,74638,385132,546787,102427,96338,71034,63076,70483,45965,275956,75749,65871,119972,447954,43263,57677,40636,223635,64693,84795,355011,6685584,61477,116126,187762,244663,173699,74716,424602,2375591,35312,105070,73384,2029287,1082851,227930,1572849,2545831,1068553,141417,142251,217164,261153,49402,325377,483118,115190,94332
Jun-18,197696,46761,75585,387774,551954,101596,98712,71807,63758,72276,45071,276291,76747,66379,120594,451665,43619,57036,41437,224850,65283,85950,359269,6691694,61476,115964,189564,244668,175057,75216,422775,2390468,35556,106076,74136,2040840,1091259,231403,1581883,2558307,1078642,141503,144620,218557,260751,49757,323977,481177,115474,95566,197696,46761,75585,387774,551954,101596,98712,71807,63758,72276,45071,276291,76747,66379,120594,451665,43619,57036,41437,224850,65283,85950,359269,6691694,61476,115964,189564,244668,175057,75216,422775,2390468,35556,106076,74136,2040840,1091259,231403,1581883,2558307,1078642,141503,144620,218557,260751,49757,323977,481177,115474,95566,197696,46761,75585,387774,551954,101596,98712,71807,63758,72276,45071,276291,76747,66379,120594,451665,43619,57036,41437,224850,65283,85950,359269,6691694,61476,115964,189564,244668,175057,75216,422775,2390468,35556,106076,74136,2040840,1091259,231403,1581883,2558307,1078642,141503,144620,218557,260751,49757,323977,481177,115474,95566,197696,46761,75585,387774,551954,101596,98712,71807,63758,72276,45071,276291,76747,66379,120594,451665,43619,57036,41437,224850,65283,85950,359269,6691694,61476,115964,189564,244668,175057,75216,422775,2390468,35556,106076,74136,2040840,1091259,231403,1581883,2558307,1078642,141503,144620,218557,260751,49757,323977,481177,115474,95566,197696,46761,75585,387774,551954,101596,98712,71807,63758,72276,45071,276291,76747,66379,120594,451665,43619,57036,41437,224850,65283,85950,359269,6691694,61476,115964,189564,244668,175057,75216,422775,2390468,35556,106076,74136,2040840,1091259,231403,1581883,2558307,1078642,141503,144620,218557,260751,49757,323977,481177,115474,95566,197696,46761,75585,387774,551954,101596,98712,71807,63758,72276,45071,276291,76747,66379,120594,451665,43619,57036,41437,224850,65283,85950,359269,6691694,61476,115964,189564,244668,175057,75216,422775,2390468,35556,106076,74136,2040840,1091259,231403,1581883,2558307,1078642,141503,144620,218557,260751,49757,323977,481177,115474,95566,197696,46761,75585,387774,551954,101596,98712,71807,63758,72276,45071,276291,76747,66379,120594,451665,43619,57036,41437,224850,65283,85950,359269,6691694,61476,115964,189564,244668,175057,75216,422775,2390468,35556,106076,74136,2040840,1091259,231403,1581883,2558307,1078642,141503,144620,218557,260751,49757,323977,481177,115474,95566
Jul-18,196185,46532,75853,388500,551717,102420,98321,71682,63991,70392,45384,279328,76164,66358,120673,449333,43345,57804,42239,225020,66005,86156,364804,6737320,60468,113217,189286,246253,174519,75584,422907,2400026,36217,106231,73959,2051086,1100078,231706,1591644,2584027,1087420,140072,144325,217439,262518,49264,325033,482624,115586,97779,196185,46532,75853,388500,551717,102420,98321,71682,63991,70392,45384,279328,76164,66358,120673,449333,43345,57804,42239,225020,66005,86156,364804,6737320,60468,113217,189286,246253,174519,75584,422907,2400026,36217,106231,73959,2051086,1100078,231706,1591644,2584027,1087420,140072,144325,217439,262518,49264,325033,482624,115586,97779,196185,46532,75853,388500,551717,102420,98321,71682,63991,70392,45384,279328,76164,66358,120673,449333,43345,57804,42239,225020,66005,86156,364804,6737320,60468,113217,189286,246253,174519,75584,422907,2400026,36217,106231,73959,2051086,1100078,231706,1591644,2584027,1087420,140072,144325,217439,262518,49264,325033,482624,115586,97779,196185,46532,75853,388500,551717,102420,98321,71682,63991,70392,45384,279328,76164,66358,120673,449333,43345,57804,42239,225020,66005,86156,364804,6737320,60468,113217,189286,246253,174519,75584,422907,2400026,36217,106231,73959,2051086,1100078,231706,1591644,2584027,1087420,140072,144325,217439,262518,49264,325033,482624,115586,97779,196185,46532,75853,388500,551717,102420,98321,71682,63991,70392,45384,279328,76164,66358,120673,449333,43345,57804,42239,225020,66005,86156,364804,6737320,60468,113217,189286,246253,174519,75584,422907,2400026,36217,106231,73959,2051086,1100078,231706,1591644,2584027,1087420,140072,144325,217439,262518,49264,325033,482624,115586,97779,196185,46532,75853,388500,551717,102420,98321,71682,63991,70392,45384,279328,76164,66358,120673,449333,43345,57804,42239,225020,66005,86156,364804,6737320,60468,113217,189286,246253,174519,75584,422907,2400026,36217,106231,73959,2051086,1100078,231706,1591644,2584027,1087420,140072,144325,217439,262518,49264,325033,482624,115586,97779,196185,46532,75853,388500,551717,102420,98321,71682,63991,70392,45384,279328,76164,66358,120673,449333,43345,57804,42239,225020,66005,86156,364804,6737320,60468,113217,189286,246253,174519,75584,422907,2400026,36217,106231,73959,2051086,1100078,231706,1591644,2584027,1087420,140072,144325,217439,262518,49264,325033,482624,115586,97779
Aug-18,193257,46319,75635,390536,547124,101205,96348,71225,63275,72236,45757,275282,77578,65650,118996,447825,42715,57445,41145,222995,64858,85253,358648,6676358,60438,114455,187134,244312,172621,74602,419155,2389767,35403,104576,73889,2031806,1092383,228356,1577855,2565102,1076405,137007,142129,215428,261861,49106,325104,477115,115604,99014,193257,46319,75635,390536,547124,101205,96348,71225,63275,72236,45757,275282,77578,65650,118996,447825,42715,57445,41145,222995,64858,85253,358648,6676358,60438,114455,187134,244312,172621,74602,419155,2389767,35403,104576,73889,2031806,1092383,228356,1577855,2565102,1076405,137007,142129,215428,261861,49106,325104,477115,115604,99014,193257,46319,75635,390536,547124,101205,96348,71225,63275,72236,45757,275282,77578,65650,118996,447825,42715,57445,41145,222995,64858,85253,358648,6676358,60438,114455,187134,244312,172621,74602,419155,2389767,35403,104576,73889,2031806,1092383,228356,1577855,2565102,1076405,137007,142129,215428,261861,49106,325104,477115,115604,99014,193257,46319,75635,390536,547124,101205,96348,71225,63275,72236,45757,275282,77578,65650,118996,447825,42715,57445,41145,222995,64858,85253,358648,6676358,60438,114455,187134,244312,172621,74602,419155,2389767,35403,104576,73889,2031806,1092383,228356,1577855,2565102,1076405,137007,142129,215428,261861,49106,325104,477115,115604,99014,193257,46319,75635,390536,547124,101205,96348,71225,63275,72236,45757,275282,77578,65650,118996,447825,42715,57445,41145,222995,64858,85253,358648,6676358,60438,114455,187134,244312,172621,74602,419155,2389767,35403,104576,73889,2031806,1092383,228356,1577855,2565102,1076405,137007,142129,215428,261861,49106,325104,477115,115604,99014,193257,46319,75635,390536,547124,101205,96348,71225,63275,72236,45757,275282,77578,65650,118996,447825,42715,57445,41145,222995,64858,85253,358648,6676358,60438,114455,187134,244312,172621,74602,419155,2389767,35403,104576,73889,2031806,1092383,228356,1577855,2565102,1076405,137007,142129,215428,261861,49106,325104,477115,115604,99014,193257,46319,75635,390536,547124,101205,96348,71225,63275,72236,45757,275282,77578,65650,118996,447825,42715,57445,41145,222995,64858,85253,358648,6676358,60438,114455,187134,244312,172621,74602,419155,2389767,35403,104576,73889,2031806,1092383,228356,1577855,2565102,1076405,137007,142129,215428,261861,49106,325104,477115,115604,99014
Sep-18,194562,45936,75791,390126,546080,102891,95203,71579,63533,71194,45517,276036,78337,65912,118950,448807,43006,57091,40502,223341,65142,85734,356996,6720106,61932,117164,187903,245398,171888,75455,421875,2414813,35392,105665,74066,2047924,1093985,228235,1581662,2574035,1076973,139300,141307,215729,263848,49976,326855,488888,117146,99457,194562,45936,75791,390126,546080,102891,95203,71579,63533,71194,45517,276036,78337,65912,118950,448807,43006,57091,40502,223341,65142,85734,356996,6720106,61932,117164,187903,245398,171888,75455,421875,2414813,35392,105665,74066,2047924,1093985,228235,1581662,2574035,1076973,139300,141307,215729,263848,49976,326855,488888,117146,99457,194562,45936,75791,390126,546080,102891,95203,71579,63533,71194,45517,276036,78337,65912,118950,448807,43006,57091,40502,223341,65142,85734,356996,6720106,61932,117164,187903,245398,171888,75455,421875,2414813,35392,105665,74066,2047924,1093985,228235,1581662,2574035,1076973,139300,141307,215729,263848,49976,326855,488888,117146,99457,194562,45936,75791,390126,546080,102891,95203,71579,63533,71194,45517,276036,78337,65912,118950,448807,43006,57091,40502,223341,65142,85734,356996,6720106,61932,117164,187903,245398,171888,75455,421875,2414813,35392,105665,74066,2047924,1093985,228235,1581662,2574035,1076973,139300,141307,215729,263848,49976,326855,488888,117146,99457,194562,45936,75791,390126,546080,102891,95203,71579,63533,71194,45517,276036,78337,65912,118950,448807,43006,57091,40502,223341,65142,85734,356996,6720106,61932,117164,187903,245398,171888,75455,421875,2414813,35392,105665,74066,2047924,1093985,228235,1581662,2574035,1076973,139300,141307,215729,263848,49976,326855,488888,117146,99457,194562,45936,75791,390126,546080,102891,95203,71579,63533,71194,45517,276036,78337,65912,118950,448807,43006,57091,40502,223341,65142,85734,356996,6720106,61932,117164,187903,245398,171888,75455,421875,2414813,35392,105665,74066,2047924,1093985,228235,1581662,2574035,1076973,139300,141307,215729,263848,49976,326855,488888,117146,99457,194562,45936,75791,390126,546080,102891,95203,71579,63533,71194,45517,276036,78337,65912,118950,448807,43006,57091,40502,223341,65142,85734,356996,6720106,61932,117164,187903,245398,171888,75455,421875,2414813,35392,105665,74066,2047924,1093985,228235,1581662,2574035,1076973,139300,141307,215729,263848,49976,326855,488888,117146,99457
Oct-18,196847,46509,76086,392615,553078,103819,95817,72095,63572,72065,45828,277203,77902,66471,118954,445606,43335,56501,40458,228392,65161,85658,358018,6730979,61223,117328,191299,243832,173427,75144,424852,2423274,35362,104734,74940,2062158,1094829,224196,1586302,2578917,1080506,141536,141321,217583,263310,50418,326116,488083,118292,103265,196847,46509,76086,392615,553078,103819,95817,72095,63572,72065,45828,277203,77902,66471,118954,445606,43335,56501,40458,228392,65161,85658,358018,6730979,61223,117328,191299,243832,173427,75144,424852,2423274,35362,104734,74940,2062158,1094829,224196,1586302,2578917,1080506,141536,141321,217583,263310,50418,326116,488083,118292,103265,196847,46509,76086,392615,553078,103819,95817,72095,63572,72065,45828,277203,77902,66471,118954,445606,43335,56501,40458,228392,65161,85658,358018,6730979,61223,117328,191299,243832,173427,75144,424852,2423274,35362,104734,74940,2062158,1094829,224196,1586302,2578917,1080506,141536,141321,217583,263310,50418,326116,488083,118292,103265,196847,46509,76086,392615,553078,103819,95817,72095,63572,72065,45828,277203,77902,66471,118954,445606,43335,56501,40458,228392,65161,85658,358018,6730979,61223,117328,191299,243832,173427,75144,424852,2423274,35362,104734,74940,2062158,1094829,224196,1586302,2578917,1080506,141536,141321,217583,263310,50418,326116,488083,118292,103265,196847,46509,76086,392615,553078,103819,95817,72095,63572,72065,45828,277203,77902,66471,118954,445606,43335,56501,40458,228392,65161,85658,358018,6730979,61223,117328,191299,243832,173427,75144,424852,2423274,35362,104734,74940,2062158,1094829,224196,1586302,2578917,1080506,141536,141321,217583,263310,50418,326116,488083,118292,103265,196847,46509,76086,392615,553078,103819,95817,72095,63572,72065,45828,277203,77902,66471,118954,445606,43335,56501,40458,228392,65161,85658,358018,6730979,61223,117328,191299,243832,173427,75144,424852,2423274,35362,104734,74940,2062158,1094829,224196,1586302,2578917,1080506,141536,141321,217583,263310,50418,326116,488083,118292,103265,196847,46509,76086,392615,553078,103819,95817,72095,63572,72065,45828,277203,77902,66471,118954,445606,43335,56501,40458,228392,65161,85658,358018,6730979,61223,117328,191299,243832,173427,75144,424852,2423274,35362,104734,74940,2062158,1094829,224196,1586302,2578917,1080506,141536,141321,217583,263310,50418,326116,488083,118292,103265
Nov-18,198489,46289,76186,389573,555009,101082,95368,72123,63576,72439,45925,276442,77143,66480,118580,444528,43516,57223,40455,228304,65388,85573,357265,6743448,60168,114960,191362,243017,173296,72655,424866,2441222,35256,104509,74688,2076068,1094482,218300,1588456,2578928,1081363,141371,139957,215759,260588,50509,324338,490465,118739,101609,198489,46289,76186,389573,555009,101082,95368,72123,63576,72439,45925,276442,77143,66480,118580,444528,43516,57223,40455,228304,65388,85573,357265,6743448,60168,114960,191362,243017,173296,72655,424866,2441222,35256,104509,74688,2076068,1094482,218300,1588456,2578928,1081363,141371,139957,215759,260588,50509,324338,490465,118739,101609,198489,46289,76186,389573,555009,101082,95368,72123,63576,72439,45925,276442,77143,66480,118580,444528,43516,57223,40455,228304,65388,85573,357265,6743448,60168,114960,191362,243017,173296,72655,424866,2441222,35256,104509,74688,2076068,1094482,218300,1588456,2578928,1081363,141371,139957,215759,260588,50509,324338,490465,118739,101609,198489,46289,76186,389573,555009,101082,95368,72123,63576,72439,45925,276442,77143,66480,118580,444528,43516,57223,40455,228304,65388,85573,357265,6743448,60168,114960,191362,243017,173296,72655,424866,2441222,35256,104509,74688,2076068,1094482,218300,1588456,2578928,1081363,141371,139957,215759,260588,50509,324338,490465,118739,101609,198489,46289,76186,389573,555009,101082,95368,72123,63576,72439,45925,276442,77143,66480,118580,444528,43516,57223,40455,228304,65388,85573,357265,6743448,60168,114960,191362,243017,173296,72655,424866,2441222,35256,104509,74688,2076068,1094482,218300,1588456,2578928,1081363,141371,139957,215759,260588,50509,324338,490465,118739,101609,198489,46289,76186,389573,555009,101082,95368,72123,63576,72439,45925,276442,77143,66480,118580,444528,43516,57223,40455,228304,65388,85573,357265,6743448,60168,114960,191362,243017,173296,72655,424866,2441222,35256,104509,74688,2076068,1094482,218300,1588456,2578928,1081363,141371,139957,215759,260588,50509,324338,490465,118739,101609,198489,46289,76186,389573,555009,101082,95368,72123,63576,72439,45925,276442,77143,66480,118580,444528,43516,57223,40455,228304,65388,85573,357265,6743448,60168,114960,191362,243017,173296,72655,424866,2441222,35256,104509,74688,2076068,1094482,218300,1588456,2578928,1081363,141371,139957,215759,260588,50509,324338,490465,118739,101609
Dec-18,198050,46217,76149,385488,555848,101247,94759,72175,63530,71764,45477,274126,76702,66426,117603,446148,43514,57824,40169,227862,65067,85222,356666,6728319,61865,114952,191679,240152,173987,71015,424510,2440729,35080,104365,73897,2074090,1095030,211010,1586412,2577512,1079279,138842,138516,213142,259469,49976,324808,492013,118009,100793,198050,46217,76149,385488,555848,101247,94759,72175,63530,71764,45477,274126,76702,66426,117603,446148,43514,57824,40169,227862,65067,85222,356666,6728319,61865,114952,191679,240152,173987,71015,424510,2440729,35080,104365,73897,2074090,1095030,211010,1586412,2577512,1079279,138842,138516,213142,259469,49976,324808,492013,118009,100793,198050,46217,76149,385488,555848,101247,94759,72175,63530,71764,45477,274126,76702,66426,117603,446148,43514,57824,40169,227862,65067,85222,356666,6728319,61865,114952,191679,240152,173987,71015,424510,2440729,35080,104365,73897,2074090,1095030,211010,1586412,2577512,1079279,138842,138516,213142,259469,49976,324808,492013,118009,100793,198050,46217,76149,385488,555848,101247,94759,72175,63530,71764,45477,274126,76702,66426,117603,446148,43514,57824,40169,227862,65067,85222,356666,6728319,61865,114952,191679,240152,173987,71015,424510,2440729,35080,104365,73897,2074090,1095030,211010,1586412,2577512,1079279,138842,138516,213142,259469,49976,324808,492013,118009,100793,198050,46217,76149,385488,555848,101247,94759,72175,63530,71764,45477,274126,76702,66426,117603,446148,43514,57824,40169,227862,65067,85222,356666,6728319,61865,114952,191679,240152,173987,71015,424510,2440729,35080,104365,73897,2074090,1095030,211010,1586412,2577512,1079279,138842,138516,213142,259469,49976,324808,492013,118009,100793,198050,46217,76149,385488,555848,101247,94759,72175,63530,71764,45477,274126,76702,66426,117603,446148,43514,57824,40169,227862,65067,85222,356666,6728319,61865,114952,191679,240152,173987,71015,424510,2440729,35080,104365,73897,2074090,1095030,211010,1586412,2577512,1079279,138842,138516,213142,259469,49976,324808,492013,118009,100793,198050,46217,76149,385488,555848,101247,94759,72175,63530,71764,45477,274126,76702,66426,117603,446148,43514,57824,40169,227862,65067,85222,356666,6728319,61865,114952,191679,240152,173987,71015,424510,2440729,35080,104365,73897,2074090,1095030,211010,1586412,2577512,1079279,138842,138516,213142,259469,49976,324808,492013,118009,100793
Jan-19,195519,46296,75812,392172,551339,100023,94645,72015,63634,72194,44741,272282,75917,65984,117541,449808,42839,58147,40647,227293,64390,86020,354870,6716900,63068,116231,189805,242174,173051,71451,423431,2452487,34568,104693,74687,2078390,1101448,210730,1592001,2574175,1080437,140327,138565,213047,257353,50071,326840,493385,117535,101052,195519,46296,75812,392172,551339,100023,94645,72015,63634,72194,44741,272282,75917,65984,117541,449808,42839,58147,40647,227293,64390,86020,354870,6716900,63068,116231,189805,242174,173051,71451,423431,2452487,34568,104693,74687,2078390,1101448,210730,1592001,2574175,1080437,140327,138565,213047,257353,50071,326840,493385,117535,101052,195519,46296,75812,392172,551339,100023,94645,72015,63634,72194,44741,272282,75917,65984,117541,449808,42839,58147,40647,227293,64390,86020,354870,6716900,63068,116231,189805,242174,173051,71451,423431,2452487,34568,104693,74687,2078390,1101448,210730,1592001,2574175,1080437,140327,138565,213047,257353,50071,326840,493385,117535,101052,195519,46296,75812,392172,551339,100023,94645,72015,63634,72194,44741,272282,75917,65984,117541,449808,42839,58147,40647,227293,64390,86020,354870,6716900,63068,116231,189805,242174,173051,71451,423431,2452487,34568,104693,74687,2078390,1101448,210730,1592001,2574175,1080437,140327,138565,213047,257353,50071,326840,493385,117535,101052,195519,46296,75812,392172,551339,100023,94645,72015,63634,72194,44741,272282,75917,65984,117541,449808,42839,58147,40647,227293,64390,86020,354870,6716900,63068,116231,189805,242174,173051,71451,423431,2452487,34568,104693,74687,2078390,1101448,210730,1592001,2574175,1080437,140327,138565,213047,257353,50071,326840,493385,117535,101052,195519,46296,75812,392172,551339,100023,94645,72015,63634,72194,44741,272282,75917,65984,117541,449808,42839,58147,40647,227293,64390,86020,354870,6716900,63068,116231,189805,242174,173051,71451,423431,2452487,34568,104693,74687,2078390,1101448,210730,1592001,2574175,1080437,140327,138565,213047,257353,50071,326840,493385,117535,101052,195519,46296,75812,392172,551339,100023,94645,72015,63634,72194,44741,272282,75917,65984,117541,449808,42839,58147,40647,227293,64390,86020,354870,6716900,63068,116231,189805,242174,173051,71451,423431,2452487,34568,104693,74687,2078390,1101448,210730,1592001,2574175,1080437,140327,138565,213047,257353,50071,326840,493385,117535,101052
Feb-19,194168,46263,76301,391062,554591,100619,95901,72456,64354,71306,44307,277382,76069,66134,118596,451352,42937,58793,41300,228783,65031,86395,358936,6759581,63514,117498,190591,242617,173972,73037,425987,2468232,34987,104703,73756,2075608,1103559,214512,1594441,2588395,1085980,140695,140963,215022,258236,50253,328182,496016,119428,97638,194168,46263,76301,391062,554591,100619,95901,72456,64354,71306,44307,277382,76069,66134,118596,451352,42937,58793,41300,228783,65031,86395,358936,6759581,63514,117498,190591,242617,173972,73037,425987,2468232,34987,104703,73756,2075608,1103559,214512,1594441,2588395,1085980,140695,140963,215022,258236,50253,328182,496016,119428,97638,194168,46263,76301,391062,554591,100619,95901,72456,64354,71306,44307,277382,76069,66134,118596,451352,42937,58793,41300,228783,65031,86395,358936,6759581,63514,117498,190591,242617,173972,73037,425987,2468232,34987,104703,73756,2075608,1103559,214512,1594441,2588395,1085980,140695,140963,215022,258236,50253,328182,496016,119428,97638,194168,46263,76301,391062,554591,100619,95901,72456,64354,71306,44307,277382,76069,66134,118596,451352,42937,58793,41300,228783,65031,86395,358936,6759581,63514,117498,190591,242617,173972,73037,425987,2468232,34987,104703,73756,2075608,1103559,214512,1594441,2588395,1085980,140695,140963,215022,258236,50253,328182,496016,119428,97638,194168,46263,76301,391062,554591,100619,95901,72456,64354,71306,44307,277382,76069,66134,118596,451352,42937,58793,41300,228783,65031,86395,358936,6759581,63514,117498,190591,242617,173972,73037,425987,2468232,34987,104703,73756,2075608,1103559,214512,1594441,2588395,1085980,140695,140963,215022,258236,50253,328182,496016,119428,97638,194168,46263,76301,391062,554591,100619,95901,72456,64354,71306,44307,277382,76069,66134,118596,451352,42937,58793,41300,228783,65031,86395,358936,6759581,63514,117498,190591,242617,173972,73037,425987,2468232,34987,104703,73756,2075608,1103559,214512,1594441,2588395,1085980,140695,140963,215022,258236,50253,328182,496016,119428,97638,194168,46263,76301,391062,554591,100619,95901,72456,64354,71306,44307,277382,76069,66134,118596,451352,42937,58793,41300,228783,65031,86395,358936,6759581,63514,117498,190591,242617,173972,73037,425987,2468232,34987,104703,73756,2075608,1103559,214512,1594441,2588395,1085980,140695,140963,215022,258236,50253,328182,496016,119428,97638
Mar-19,194115,46300,76430,383237,554480,100421,97617,72688,64509,71080,44388,278115,76714,66296,118290,450465,43087,58193,41557,229485,65204,86827,359094,6741839,61899,117654,189946,243865,173681,73303,425351,2470520,34840,105992,74448,2073615,1102678,215483,1590122,2586967,1085203,141534,141236,216468,258219,50888,327051,497331,118770,99841,194115,46300,76430,383237,554480,100421,97617,72688,64509,71080,44388,278115,76714,66296,118290,450465,43087,58193,41557,229485,65204,86827,359094,6741839,61899,117654,189946,243865,173681,73303,425351,2470520,34840,105992,74448,2073615,1102678,215483,1590122,2586967,1085203,141534,141236,216468,258219,50888,327051,497331,118770,99841,194115,46300,76430,383237,554480,100421,97617,72688,64509,71080,44388,278115,76714,66296,118290,450465,43087,58193,41557,229485,65204,86827,359094,6741839,61899,117654,189946,243865,173681,73303,425351,2470520,34840,105992,74448,2073615,1102678,215483,1590122,2586967,1085203,141534,141236,216468,258219,50888,327051,497331,118770,99841,194115,46300,76430,383237,554480,100421,97617,72688,64509,71080,44388,278115,76714,66296,118290,450465,43087,58193,41557,229485,65204,86827,359094,6741839,61899,117654,189946,243865,173681,73303,425351,2470520,34840,105992,74448,2073615,1102678,215483,1590122,2586967,1085203,141534,141236,216468,258219,50888,327051,497331,118770,99841,194115,46300,76430,383237,554480,100421,97617,72688,64509,71080,44388,278115,76714,66296,118290,450465,43087,58193,41557,229485,65204,86827,359094,6741839,61899,117654,189946,243865,173681,73303,425351,2470520,34840,105992,74448,2073615,1102678,215483,1590122,2586967,1085203,141534,141236,216468,258219,50888,327051,497331,118770,99841,194115,46300,76430,383237,554480,100421,97617,72688,64509,71080,44388,278115,76714,66296,118290,450465,43087,58193,41557,229485,65204,86827,359094,6741839,61899,117654,189946,243865,173681,73303,425351,2470520,34840,105992,74448,2073615,1102678,215483,1590122,2586967,1085203,141534,141236,216468,258219,50888,327051,497331,118770,99841,194115,46300,76430,383237,554480,100421,97617,72688,64509,71080,44388,278115,76714,66296,118290,450465,43087,58193,41557,229485,65204,86827,359094,6741839,61899,117654,189946,243865,173681,73303,425351,2470520,34840,105992,74448,2073615,1102678,215483,1590122,2586967,1085203,141534,141236,216468,258219,50888,327051,497331,118770,99841
Apr-19,193485,45910,76111,385375,551555,99475,97486,72392,63853,69023,44495,278239,77030,66286,118090,450096,42464,57420,41662,228494,65364,87171,358898,6687849,60745,115884,188444,241563,173135,72570,422466,2462835,34805,105871,73500,2050895,1088877,223890,1575313,2559509,1072575,141284,144070,218241,255223,49838,322796,494965,119016,96456,193485,45910,76111,385375,551555,99475,97486,72392,63853,69023,44495,278239,77030,66286,118090,450096,42464,57420,41662,228494,65364,87171,358898,6687849,60745,115884,188444,241563,173135,72570,422466,2462835,34805,105871,73500,2050895,1088877,223890,1575313,2559509,1072575,141284,144070,218241,255223,49838,322796,494965,119016,96456,193485,45910,76111,385375,551555,99475,97486,72392,63853,69023,44495,278239,77030,66286,118090,450096,42464,57420,41662,228494,65364,87171,358898,6687849,60745,115884,188444,241563,173135,72570,422466,2462835,34805,105871,73500,2050895,1088877,223890,1575313,2559509,1072575,141284,144070,218241,255223,49838,322796,494965,119016,96456,193485,45910,76111,385375,551555,99475,97486,72392,63853,69023,44495,278239,77030,66286,118090,450096,42464,57420,41662,228494,65364,87171,358898,6687849,60745,115884,188444,241563,173135,72570,422466,2462835,34805,105871,73500,2050895,1088877,223890,1575313,2559509,1072575,141284,144070,218241,255223,49838,322796,494965,119016,96456,193485,45910,76111,385375,551555,99475,97486,72392,63853,69023,44495,278239,77030,66286,118090,450096,42464,57420,41662,228494,65364,87171,358898,6687849,60745,115884,188444,241563,173135,72570,422466,2462835,34805,105871,73500,2050895,1088877,223890,1575313,2559509,1072575,141284,144070,218241,255223,49838,322796,494965,119016,96456,193485,45910,76111,385375,551555,99475,97486,72392,63853,69023,44495,278239,77030,66286,118090,450096,42464,57420,41662,228494,65364,87171,358898,6687849,60745,115884,188444,241563,173135,72570,422466,2462835,34805,105871,73500,2050895,1088877,223890,1575313,2559509,1072575,141284,144070,218241,255223,49838,322796,494965,119016,96456,193485,45910,76111,385375,551555,99475,97486,72392,63853,69023,44495,278239,77030,66286,118090,450096,42464,57420,41662,228494,65364,87171,358898,6687849,60745,115884,188444,241563,173135,72570,422466,2462835,34805,105871,73500,2050895,1088877,223890,1575313,2559509,1072575,141284,144070,218241,255223,49838,322796,494965,119016,96456
May-19,194629,46092,75563,386497,550714,99095,98311,72232,63836,70532,44943,279152,76964,66144,119110,452032,42724,57968,41357,228208,65628,87815,358949,6686003,62272,117247,187604,242732,173611,74257,422230,2468113,34899,106679,73885,2045294,1090489,229342,1576186,2561694,1074494,141818,142122,219150,256524,50168,327709,497207,117726,96746,194629,46092,75563,386497,550714,99095,98311,72232,63836,70532,44943,279152,76964,66144,119110,452032,42724,57968,41357,228208,65628,87815,358949,6686003,62272,117247,187604,242732,173611,74257,422230,2468113,34899,106679,73885,2045294,1090489,229342,1576186,2561694,1074494,141818,142122,219150,256524,50168,327709,497207,117726,96746,194629,46092,75563,386497,550714,99095,98311,72232,63836,70532,44943,279152,76964,66144,119110,452032,42724,57968,41357,228208,65628,87815,358949,6686003,62272,117247,187604,242732,173611,74257,422230,2468113,34899,106679,73885,2045294,1090489,229342,1576186,2561694,1074494,141818,142122,219150,256524,50168,327709,497207,117726,96746,194629,46092,75563,386497,550714,99095,98311,72232,63836,70532,44943,279152,76964,66144,119110,452032,42724,57968,41357,228208,65628,87815,358949,6686003,62272,117247,187604,242732,173611,74257,422230,2468113,34899,106679,73885,2045294,1090489,229342,1576186,2561694,1074494,141818,142122,219150,256524,50168,327709,497207,117726,96746,194629,46092,75563,386497,550714,99095,98311,72232,63836,70532,44943,279152,76964,66144,119110,452032,42724,57968,41357,228208,65628,87815,358949,6686003,62272,117247,187604,242732,173611,74257,422230,2468113,34899,106679,73885,2045294,1090489,229342,1576186,2561694,1074494,141818,142122,219150,256524,50168,327709,497207,117726,96746,194629,46092,75563,386497,550714,99095,98311,72232,63836,70532,44943,279152,76964,66144,119110,452032,42724,57968,41357,228208,65628,87815,358949,6686003,62272,117247,187604,242732,173611,74257,422230,2468113,34899,106679,73885,2045294,1090489,229342,1576186,2561694,1074494,141818,142122,219150,256524,50168,327709,497207,117726,96746,194629,46092,75563,386497,550714,99095,98311,72232,63836,70532,44943,279152,76964,66144,119110,452032,42724,57968,41357,228208,65628,87815,358949,6686003,62272,117247,187604,242732,173611,74257,422230,2468113,34899,106679,73885,2045294,1090489,229342,1576186,2561694,1074494,141818,142122,219150,256524,50168,327709,497207,117726,96746
Jun-19,194887,46355,75926,390954,554770,97541,99811,72755,64481,71901,44424,280387,78032,66072,120421,451786,42958,57229,41985,228912,66185,88783,362917,6692809,62281,115242,189001,242761,173806,75059,421387,2490205,35190,108141,74445,2055848,1096850,231689,1582682,2574357,1081065,142111,144904,221045,256989,50239,327178,497736,117757,96187,194887,46355,75926,390954,554770,97541,99811,72755,64481,71901,44424,280387,78032,66072,120421,451786,42958,57229,41985,228912,66185,88783,362917,6692809,62281,115242,189001,242761,173806,75059,421387,2490205,35190,108141,74445,2055848,1096850,231689,1582682,2574357,1081065,142111,144904,221045,256989,50239,327178,497736,117757,96187,194887,46355,75926,390954,554770,97541,99811,72755,64481,71901,44424,280387,78032,66072,120421,451786,42958,57229,41985,228912,66185,88783,362917,6692809,62281,115242,189001,242761,173806,75059,421387,2490205,35190,108141,74445,2055848,1096850,231689,1582682,2574357,1081065,142111,144904,221045,256989,50239,327178,497736,117757,96187,194887,46355,75926,390954,554770,97541,99811,72755,64481,71901,44424,280387,78032,66072,120421,451786,42958,57229,41985,228912,66185,88783,362917,6692809,62281,115242,189001,242761,173806,75059,421387,2490205,35190,108141,74445,2055848,1096850,231689,1582682,2574357,1081065,142111,144904,221045,256989,50239,327178,497736,117757,96187,194887,46355,75926,390954,554770,97541,99811,72755,64481,71901,44424,280387,78032,66072,120421,451786,42958,57229,41985,228912,66185,88783,362917,6692809,62281,115242,189001,242761,173806,75059,421387,2490205,35190,108141,74445,2055848,1096850,231689,1582682,2574357,1081065,142111,144904,221045,256989,50239,327178,497736,117757,96187,194887,46355,75926,390954,554770,97541,99811,72755,64481,71901,44424,280387,78032,66072,120421,451786,42958,57229,41985,228912,66185,88783,362917,6692809,62281,115242,189001,242761,173806,75059,421387,2490205,35190,108141,74445,2055848,1096850,231689,1582682,2574357,1081065,142111,144904,221045,256989,50239,327178,497736,117757,96187,194887,46355,75926,390954,554770,97541,99811,72755,64481,71901,44424,280387,78032,66072,120421,451786,42958,57229,41985,228912,66185,88783,362917,6692809,62281,115242,189001,242761,173806,75059,421387,2490205,35190,108141,74445,2055848,1096850,231689,1582682,2574357,1081065,142111,144904,221045,256989,50239,327178,497736,117757,96187
Jul-19,193776,46131,76138,384070,555589,97842,99665,72575,64851,70275,45041,284839,77592,66343,120296,451656,42549,57888,42818,228952,67235,88808,366061,6756753,61042,112782,188081,244386,173392,75942,422938,2502385,35418,107835,73839,2074443,1105826,231408,1595803,2606919,1092797,140314,144340,220335,260892,49803,327810,498093,117408,98365,193776,46131,76138,384070,555589,97842,99665,72575,64851,70275,45041,284839,77592,66343,120296,451656,42549,57888,42818,228952,67235,88808,366061,6756753,61042,112782,188081,244386,173392,75942,422938,2502385,35418,107835,73839,2074443,1105826,231408,1595803,2606919,1092797,140314,144340,220335,260892,49803,327810,498093,117408,98365,193776,46131,76138,384070,555589,97842,99665,72575,64851,70275,45041,284839,77592,66343,120296,451656,42549,57888,42818,228952,67235,88808,366061,6756753,61042,112782,188081,244386,173392,75942,422938,2502385,35418,107835,73839,2074443,1105826,231408,1595803,2606919,1092797,140314,144340,220335,260892,49803,327810,498093,117408,98365,193776,46131,76138,384070,555589,97842,99665,72575,64851,70275,45041,284839,77592,66343,120296,451656,42549,57888,42818,228952,67235,88808,366061,6756753,61042,112782,188081,244386,173392,75942,422938,2502385,35418,107835,73839,2074443,1105826,231408,1595803,2606919,1092797,140314,144340,220335,260892,49803,327810,498093,117408,98365,193776,46131,76138,384070,555589,97842,99665,72575,64851,70275,45041,284839,77592,66343,120296,451656,42549,57888,42818,228952,67235,88808,366061,6756753,61042,112782,188081,244386,173392,75942,422938,2502385,35418,107835,73839,2074443,1105826,231408,1595803,2606919,1092797,140314,144340,220335,260892,49803,327810,498093,117408,98365,193776,46131,76138,384070,555589,97842,99665,72575,64851,70275,45041,284839,77592,66343,120296,451656,42549,57888,42818,228952,67235,88808,366061,6756753,61042,112782,188081,244386,173392,75942,422938,2502385,35418,107835,73839,2074443,1105826,231408,1595803,2606919,1092797,140314,144340,220335,260892,49803,327810,498093,117408,98365,193776,46131,76138,384070,555589,97842,99665,72575,64851,70275,45041,284839,77592,66343,120296,451656,42549,57888,42818,228952,67235,88808,366061,6756753,61042,112782,188081,244386,173392,75942,422938,2502385,35418,107835,73839,2074443,1105826,231408,1595803,2606919,1092797,140314,144340,220335,260892,49803,327810,498093,117408,98365
Aug-19,191034,46104,76167,397036,553359,97641,97939,72327,64054,72360,44963,281309,77493,66024,118957,452231,42344,57580,41798,228311,65955,88067,360444,6730056,61847,115472,188145,243873,172340,75369,419649,2503198,34912,107395,74708,2065573,1103466,229104,1590925,2598813,1089659,139474,143841,219011,261694,50007,329199,496370,118316,101414,191034,46104,76167,397036,553359,97641,97939,72327,64054,72360,44963,281309,77493,66024,118957,452231,42344,57580,41798,228311,65955,88067,360444,6730056,61847,115472,188145,243873,172340,75369,419649,2503198,34912,107395,74708,2065573,1103466,229104,1590925,2598813,1089659,139474,143841,219011,261694,50007,329199,496370,118316,101414,191034,46104,76167,397036,553359,97641,97939,72327,64054,72360,44963,281309,77493,66024,118957,452231,42344,57580,41798,228311,65955,88067,360444,6730056,61847,115472,188145,243873,172340,75369,419649,2503198,34912,107395,74708,2065573,1103466,229104,1590925,2598813,1089659,139474,143841,219011,261694,50007,329199,496370,118316,101414,191034,46104,76167,397036,553359,97641,97939,72327,64054,72360,44963,281309,77493,66024,118957,452231,42344,57580,41798,228311,65955,88067,360444,6730056,61847,115472,188145,243873,172340,75369,419649,2503198,34912,107395,74708,2065573,1103466,229104,1590925,2598813,1089659,139474,143841,219011,261694,50007,329199,496370,118316,101414,191034,46104,76167,397036,553359,97641,97939,72327,64054,72360,44963,281309,77493,66024,118957,452231,42344,57580,41798,228311,65955,88067,360444,6730056,61847,115472,188145,243873,172340,75369,419649,2503198,34912,107395,74708,2065573,1103466,229104,1590925,2598813,1089659,139474,143841,219011,261694,50007,329199,496370,118316,101414,191034,46104,76167,397036,553359,97641,97939,72327,64054,72360,44963,281309,77493,66024,118957,452231,42344,57580,41798,228311,65955,88067,360444,6730056,61847,115472,188145,243873,172340,75369,419649,2503198,34912,107395,74708,2065573,1103466,229104,1590925,2598813,1089659,139474,143841,219011,261694,50007,329199,496370,118316,101414,191034,46104,76167,397036,553359,97641,97939,72327,64054,72360,44963,281309,77493,66024,118957,452231,42344,57580,41798,228311,65955,88067,360444,6730056,61847,115472,188145,243873,172340,75369,419649,2503198,34912,107395,74708,2065573,1103466,229104,1590925,2598813,1089659,139474,143841,219011,261694,50007,329199,496370,118316,101414
Sep-19,191583,45820,76841,397235,551568,99693,96754,72545,64268,71373,44804,282574,79489,66258,118583,452958,42423,57497,41040,228368,66406,88269,356936,6781917,62493,117807,188658,246178,171723,75913,421441,2524737,34911,108122,74740,2074832,1104416,228665,1593792,2603490,1088233,139872,142734,218504,264030,51109,328532,503048,119855,102870,191583,45820,76841,397235,551568,99693,96754,72545,64268,71373,44804,282574,79489,66258,118583,452958,42423,57497,41040,228368,66406,88269,356936,6781917,62493,117807,188658,246178,171723,75913,421441,2524737,34911,108122,74740,2074832,1104416,228665,1593792,2603490,1088233,139872,142734,218504,264030,51109,328532,503048,119855,102870,191583,45820,76841,397235,551568,99693,96754,72545,64268,71373,44804,282574,79489,66258,118583,452958,42423,57497,41040,228368,66406,88269,356936,6781917,62493,117807,188658,246178,171723,75913,421441,2524737,34911,108122,74740,2074832,1104416,228665,1593792,2603490,1088233,139872,142734,218504,264030,51109,328532,503048,119855,102870,191583,45820,76841,397235,551568,99693,96754,72545,64268,71373,44804,282574,79489,66258,118583,452958,42423,57497,41040,228368,66406,88269,356936,6781917,62493,117807,188658,246178,171723,75913,421441,2524737,34911,108122,74740,2074832,1104416,228665,1593792,2603490,1088233,139872,142734,218504,264030,51109,328532,503048,119855,102870,191583,45820,76841,397235,551568,99693,96754,72545,64268,71373,44804,282574,79489,66258,118583,452958,42423,57497,41040,228368,66406,88269,356936,6781917,62493,117807,188658,246178,171723,75913,421441,2524737,34911,108122,74740,2074832,1104416,228665,1593792,2603490,1088233,139872,142734,218504,264030,51109,328532,503048,119855,102870,191583,45820,76841,397235,551568,99693,96754,72545,64268,71373,44804,282574,79489,66258,118583,452958,42423,57497,41040,228368,66406,88269,356936,6781917,62493,117807,188658,246178,171723,75913,421441,2524737,34911,108122,74740,2074832,1104416,228665,1593792,2603490,1088233,139872,142734,218504,264030,51109,328532,503048,119855,102870,191583,45820,76841,397235,551568,99693,96754,72545,64268,71373,44804,282574,79489,66258,118583,452958,42423,57497,41040,228368,66406,88269,356936,6781917,62493,117807,188658,246178,171723,75913,421441,2524737,34911,108122,74740,2074832,1104416,228665,1593792,2603490,1088233,139872,142734,218504,264030,51109,328532,503048,119855,102870
Oct-19,192732,46508,77850,399408,557216,100659,97213,72973,64373,72614,44717,284397,79349,66575,118838,448769,42766,57617,40921,231034,66775,88263,358233,6789821,61525,118481,190090,244850,172879,75561,425299,2535869,34975,107722,75417,2084065,1104810,224987,1598643,2608916,1090633,142355,143704,220335,263296,51646,327968,501592,121013,102978,192732,46508,77850,399408,557216,100659,97213,72973,64373,72614,44717,284397,79349,66575,118838,448769,42766,57617,40921,231034,66775,88263,358233,6789821,61525,118481,190090,244850,172879,75561,425299,2535869,34975,107722,75417,2084065,1104810,224987,1598643,2608916,1090633,142355,143704,220335,263296,51646,327968,501592,121013,102978,192732,46508,77850,399408,557216,100659,97213,72973,64373,72614,44717,284397,79349,66575,118838,448769,42766,57617,40921,231034,66775,88263,358233,6789821,61525,118481,190090,244850,172879,75561,425299,2535869,34975,107722,75417,2084065,1104810,224987,1598643,2608916,1090633,142355,143704,220335,263296,51646,327968,501592,121013,102978,192732,46508,77850,399408,557216,100659,97213,72973,64373,72614,44717,284397,79349,66575,118838,448769,42766,57617,40921,231034,66775,88263,358233,6789821,61525,118481,190090,244850,172879,75561,425299,2535869,34975,107722,75417,2084065,1104810,224987,1598643,2608916,1090633,142355,143704,220335,263296,51646,327968,501592,121013,102978,192732,46508,77850,399408,557216,100659,97213,72973,64373,72614,44717,284397,79349,66575,118838,448769,42766,57617,40921,231034,66775,88263,358233,6789821,61525,118481,190090,244850,172879,75561,425299,2535869,34975,107722,75417,2084065,1104810,224987,1598643,2608916,1090633,142355,143704,220335,263296,51646,327968,501592,121013,102978,192732,46508,77850,399408,557216,100659,97213,72973,64373,72614,44717,284397,79349,66575,118838,448769,42766,57617,40921,231034,66775,88263,358233,6789821,61525,118481,190090,244850,172879,75561,425299,2535869,34975,107722,75417,2084065,1104810,224987,1598643,2608916,1090633,142355,143704,220335,263296,51646,327968,501592,121013,102978,192732,46508,77850,399408,557216,100659,97213,72973,64373,72614,44717,284397,79349,66575,118838,448769,42766,57617,40921,231034,66775,88263,358233,6789821,61525,118481,190090,244850,172879,75561,425299,2535869,34975,107722,75417,2084065,1104810,224987,1598643,2608916,1090633,142355,143704,220335,263296,51646,327968,501592,121013,102978
Nov-19,195228,46408,78204,395137,557869,99254,96603,73115,64230,72396,44677,283345,78173,66387,119034,448416,42785,57402,40659,231135,66690,88701,357079,6807214,60686,115475,189712,243932,172696,73640,425979,2548538,34794,108301,74708,2095092,1105018,219427,1600077,2606601,1090607,142044,141792,218458,260583,51708,325674,504426,121064,102376,195228,46408,78204,395137,557869,99254,96603,73115,64230,72396,44677,283345,78173,66387,119034,448416,42785,57402,40659,231135,66690,88701,357079,6807214,60686,115475,189712,243932,172696,73640,425979,2548538,34794,108301,74708,2095092,1105018,219427,1600077,2606601,1090607,142044,141792,218458,260583,51708,325674,504426,121064,102376,195228,46408,78204,395137,557869,99254,96603,73115,64230,72396,44677,283345,78173,66387,119034,448416,42785,57402,40659,231135,66690,88701,357079,6807214,60686,115475,189712,243932,172696,73640,425979,2548538,34794,108301,74708,2095092,1105018,219427,1600077,2606601,1090607,142044,141792,218458,260583,51708,325674,504426,121064,102376,195228,46408,78204,395137,557869,99254,96603,73115,64230,72396,44677,283345,78173,66387,119034,448416,42785,57402,40659,231135,66690,88701,357079,6807214,60686,115475,189712,243932,172696,73640,425979,2548538,34794,108301,74708,2095092,1105018,219427,1600077,2606601,1090607,142044,141792,218458,260583,51708,325674,504426,121064,102376,195228,46408,78204,395137,557869,99254,96603,73115,64230,72396,44677,283345,78173,66387,119034,448416,42785,57402,40659,231135,66690,88701,357079,6807214,60686,115475,189712,243932,172696,73640,425979,2548538,34794,108301,74708,2095092,1105018,219427,1600077,2606601,1090607,142044,141792,218458,260583,51708,325674,504426,121064,102376,195228,46408,78204,395137,557869,99254,96603,73115,64230,72396,44677,283345,78173,66387,119034,448416,42785,57402,40659,231135,66690,88701,357079,6807214,60686,115475,189712,243932,172696,73640,425979,2548538,34794,108301,74708,2095092,1105018,219427,1600077,2606601,1090607,142044,141792,218458,260583,51708,325674,504426,121064,102376,195228,46408,78204,395137,557869,99254,96603,73115,64230,72396,44677,283345,78173,66387,119034,448416,42785,57402,40659,231135,66690,88701,357079,6807214,60686,115475,189712,243932,172696,73640,425979,2548538,34794,108301,74708,2095092,1105018,219427,1600077,2606601,1090607,142044,141792,218458,260583,51708,325674,504426,121064,102376
Dec-19,195036,46320,77615,389804,559808,98635,95993,72844,64227,71883,44329,281513,77257,65831,118116,449548,42804,57722,40408,229898,66308,88387,354854,6789326,61963,114943,189207,242518,172909,71939,424525,2548680,34617,107107,74102,2087383,1104616,210947,1597099,2601889,1090183,139351,139049,214976,259689,51388,325993,504172,120183,101964,195036,46320,77615,389804,559808,98635,95993,72844,64227,71883,44329,281513,77257,65831,118116,449548,42804,57722,40408,229898,66308,88387,354854,6789326,61963,114943,189207,242518,172909,71939,424525,2548680,34617,107107,74102,2087383,1104616,210947,1597099,2601889,1090183,139351,139049,214976,259689,51388,325993,504172,120183,101964,195036,46320,77615,389804,559808,98635,95993,72844,64227,71883,44329,281513,77257,65831,118116,449548,42804,57722,40408,229898,66308,88387,354854,6789326,61963,114943,189207,242518,172909,71939,424525,2548680,34617,107107,74102,2087383,1104616,210947,1597099,2601889,1090183,139351,139049,214976,259689,51388,325993,504172,120183,101964,195036,46320,77615,389804,559808,98635,95993,72844,64227,71883,44329,281513,77257,65831,118116,449548,42804,57722,40408,229898,66308,88387,354854,6789326,61963,114943,189207,242518,172909,71939,424525,2548680,34617,107107,74102,2087383,1104616,210947,1597099,2601889,1090183,139351,139049,214976,259689,51388,325993,504172,120183,101964,195036,46320,77615,389804,559808,98635,95993,72844,64227,71883,44329,281513,77257,65831,118116,449548,42804,57722,40408,229898,66308,88387,354854,6789326,61963,114943,189207,242518,172909,71939,424525,2548680,34617,107107,74102,2087383,1104616,210947,1597099,2601889,1090183,139351,139049,214976,259689,51388,325993,504172,120183,101964,195036,46320,77615,389804,559808,98635,95993,72844,64227,71883,44329,281513,77257,65831,118116,449548,42804,57722,40408,229898,66308,88387,354854,6789326,61963,114943,189207,242518,172909,71939,424525,2548680,34617,107107,74102,2087383,1104616,210947,1597099,2601889,1090183,139351,139049,214976,259689,51388,325993,504172,120183,101964,195036,46320,77615,389804,559808,98635,95993,72844,64227,71883,44329,281513,77257,65831,118116,449548,42804,57722,40408,229898,66308,88387,354854,6789326,61963,114943,189207,242518,172909,71939,424525,2548680,34617,107107,74102,2087383,1104616,210947,1597099,2601889,1090183,139351,139049,214976,259689,51388,325993,504172,120183,101964
Jan-20,191115,46059,76569,396113,551410,97828,95316,72452,63805,72432,43217,280519,77687,65042,117820,452463,42809,58130,40802,229665,66235,89027,353879,6811212,63353,115164,188015,243344,171571,72496,423012,2552106,34284,107379,74561,2076114,1103732,214066,1592880,2589578,1087128,141151,139625,214297,258202,51901,325129,504206,119539,100806,191115,46059,76569,396113,551410,97828,95316,72452,63805,72432,43217,280519,77687,65042,117820,452463,42809,58130,40802,229665,66235,89027,353879,6811212,63353,115164,188015,243344,171571,72496,423012,2552106,34284,107379,74561,2076114,1103732,214066,1592880,2589578,1087128,141151,139625,214297,258202,51901,325129,504206,119539,100806,191115,46059,76569,396113,551410,97828,95316,72452,63805,72432,43217,280519,77687,65042,117820,452463,42809,58130,40802,229665,66235,89027,353879,6811212,63353,115164,188015,243344,171571,72496,423012,2552106,34284,107379,74561,2076114,1103732,214066,1592880,2589578,1087128,141151,139625,214297,258202,51901,325129,504206,119539,100806,191115,46059,76569,396113,551410,97828,95316,72452,63805,72432,43217,280519,77687,65042,117820,452463,42809,58130,40802,229665,66235,89027,353879,6811212,63353,115164,188015,243344,171571,72496,423012,2552106,34284,107379,74561,2076114,1103732,214066,1592880,2589578,1087128,141151,139625,214297,258202,51901,325129,504206,119539,100806,191115,46059,76569,396113,551410,97828,95316,72452,63805,72432,43217,280519,77687,65042,117820,452463,42809,58130,40802,229665,66235,89027,353879,6811212,63353,115164,188015,243344,171571,72496,423012,2552106,34284,107379,74561,2076114,1103732,214066,1592880,2589578,1087128,141151,139625,214297,258202,51901,325129,504206,119539,100806,191115,46059,76569,396113,551410,97828,95316,72452,63805,72432,43217,280519,77687,65042,117820,452463,42809,58130,40802,229665,66235,89027,353879,6811212,63353,115164,188015,243344,171571,72496,423012,2552106,34284,107379,74561,2076114,1103732,214066,1592880,2589578,1087128,141151,139625,214297,258202,51901,325129,504206,119539,100806,191115,46059,76569,396113,551410,97828,95316,72452,63805,72432,43217,280519,77687,65042,117820,452463,42809,58130,40802,229665,66235,89027,353879,6811212,63353,115164,188015,243344,171571,72496,423012,2552106,34284,107379,74561,2076114,1103732,214066,1592880,2589578,1087128,141151,139625,214297,258202,51901,325129,504206,119539,100806
Feb-20,190982,45942,77018,395841,550083,98511,95924,72279,63818,71651,43236,283912,77685,65783,118469,453973,42803,58494,41317,230247,66962,89571,355568,6846736,63995,115543,188250,243980,171122,73598,424746,2565813,34847,108048,73409,2074360,1104852,217071,1595340,2589037,1086926,142474,141054,215493,258841,52169,326471,507744,119890,98881,190982,45942,77018,395841,550083,98511,95924,72279,63818,71651,43236,283912,77685,65783,118469,453973,42803,58494,41317,230247,66962,89571,355568,6846736,63995,115543,188250,243980,171122,73598,424746,2565813,34847,108048,73409,2074360,1104852,217071,1595340,2589037,1086926,142474,141054,215493,258841,52169,326471,507744,119890,98881,190982,45942,77018,395841,550083,98511,95924,72279,63818,71651,43236,283912,77685,65783,118469,453973,42803,58494,41317,230247,66962,89571,355568,6846736,63995,115543,188250,243980,171122,73598,424746,2565813,34847,108048,73409,2074360,1104852,217071,1595340,2589037,1086926,142474,141054,215493,258841,52169,326471,507744,119890,98881,190982,45942,77018,395841,550083,98511,95924,72279,63818,71651,43236,283912,77685,65783,118469,453973,42803,58494,41317,230247,66962,89571,355568,6846736,63995,115543,188250,243980,171122,73598,424746,2565813,34847,108048,73409,2074360,1104852,217071,1595340,2589037,1086926,142474,141054,215493,258841,52169,326471,507744,119890,98881,190982,45942,77018,395841,550083,98511,95924,72279,63818,71651,43236,283912,77685,65783,118469,453973,42803,58494,41317,230247,66962,89571,355568,6846736,63995,115543,188250,243980,171122,73598,424746,2565813,34847,108048,73409,2074360,1104852,217071,1595340,2589037,1086926,142474,141054,215493,258841,52169,326471,507744,119890,98881,190982,45942,77018,395841,550083,98511,95924,72279,63818,71651,43236,283912,77685,65783,118469,453973,42803,58494,41317,230247,66962,89571,355568,6846736,63995,115543,188250,243980,171122,73598,424746,2565813,34847,108048,73409,2074360,1104852,217071,1595340,2589037,1086926,142474,141054,215493,258841,52169,326471,507744,119890,98881,190982,45942,77018,395841,550083,98511,95924,72279,63818,71651,43236,283912,77685,65783,118469,453973,42803,58494,41317,230247,66962,89571,355568,6846736,63995,115543,188250,243980,171122,73598,424746,2565813,34847,108048,73409,2074360,1104852,217071,1595340,2589037,1086926,142474,141054,215493,258841,52169,326471,507744,119890,98881
Mar-20,191260,45630,76676,391631,550310,99081,96391,71956,63599,73121,43731,286187,77165,65518,118566,457046,42791,59193,42119,229035,67658,88261,357479,6584222,63367,116614,187625,245619,170972,73265,422108,2525513,35177,106535,73439,2062891,1098853,219166,1575269,2563856,1074414,141756,141468,214100,257131,52093,328619,500658,119443,103472,191260,45630,76676,391631,550310,99081,96391,71956,63599,73121,43731,286187,77165,65518,118566,457046,42791,59193,42119,229035,67658,88261,357479,6584222,63367,116614,187625,245619,170972,73265,422108,2525513,35177,106535,73439,2062891,1098853,219166,1575269,2563856,1074414,141756,141468,214100,257131,52093,328619,500658,119443,103472,191260,45630,76676,391631,550310,99081,96391,71956,63599,73121,43731,286187,77165,65518,118566,457046,42791,59193,42119,229035,67658,88261,357479,6584222,63367,116614,187625,245619,170972,73265,422108,2525513,35177,106535,73439,2062891,1098853,219166,1575269,2563856,1074414,141756,141468,214100,257131,52093,328619,500658,119443,103472,191260,45630,76676,391631,550310,99081,96391,71956,63599,73121,43731,286187,77165,65518,118566,457046,42791,59193,42119,229035,67658,88261,357479,6584222,63367,116614,187625,245619,170972,73265,422108,2525513,35177,106535,73439,2062891,1098853,219166,1575269,2563856,1074414,141756,141468,214100,257131,52093,328619,500658,119443,103472,191260,45630,76676,391631,550310,99081,96391,71956,63599,73121,43731,286187,77165,65518,118566,457046,42791,59193,42119,229035,67658,88261,357479,6584222,63367,116614,187625,245619,170972,73265,422108,2525513,35177,106535,73439,2062891,1098853,219166,1575269,2563856,1074414,141756,141468,214100,257131,52093,328619,500658,119443,103472,191260,45630,76676,391631,550310,99081,96391,71956,63599,73121,43731,286187,77165,65518,118566,457046,42791,59193,42119,229035,67658,88261,357479,6584222,63367,116614,187625,245619,170972,73265,422108,2525513,35177,106535,73439,2062891,1098853,219166,1575269,2563856,1074414,141756,141468,214100,257131,52093,328619,500658,119443,103472,191260,45630,76676,391631,550310,99081,96391,71956,63599,73121,43731,286187,77165,65518,118566,457046,42791,59193,42119,229035,67658,88261,357479,6584222,63367,116614,187625,245619,170972,73265,422108,2525513,35177,106535,73439,2062891,1098853,219166,1575269,2563856,1074414,141756,141468,214100,257131,52093,328619,500658,119443,103472
Apr-20,189799,47895,74427,370837,540432,93891,93597,68882,60506,71885,42677,267236,71690,65069,114997,450261,43456,57120,39997,220335,64781,86810,343638,6297229,62100,115510,186958,233351,170911,72320,412295,2491579,33570,109749,72127,2019053,1060954,201695,1550244,2453579,1049966,133405,134979,212287,248613,50443,325606,497905,121570,96910,189799,47895,74427,370837,540432,93891,93597,68882,60506,71885,42677,267236,71690,65069,114997,450261,43456,57120,39997,220335,64781,86810,343638,6297229,62100,115510,186958,233351,170911,72320,412295,2491579,33570,109749,72127,2019053,1060954,201695,1550244,2453579,1049966,133405,134979,212287,248613,50443,325606,497905,121570,96910,189799,47895,74427,370837,540432,93891,93597,68882,60506,71885,42677,267236,71690,65069,114997,450261,43456,57120,39997,220335,64781,86810,343638,6297229,62100,115510,186958,233351,170911,72320,412295,2491579,33570,109749,72127,2019053,1060954,201695,1550244,2453579,1049966,133405,134979,212287,248613,50443,325606,497905,121570,96910,189799,47895,74427,370837,540432,93891,93597,68882,60506,71885,42677,267236,71690,65069,114997,450261,43456,57120,39997,220335,64781,86810,343638,6297229,62100,115510,186958,233351,170911,72320,412295,2491579,33570,109749,72127,2019053,1060954,201695,1550244,2453579,1049966,133405,134979,212287,248613,50443,325606,497905,121570,96910,189799,47895,74427,370837,540432,93891,93597,68882,60506,71885,42677,267236,71690,65069,114997,450261,43456,57120,39997,220335,64781,86810,343638,6297229,62100,115510,186958,233351,170911,72320,412295,2491579,33570,109749,72127,2019053,1060954,201695,1550244,2453579,1049966,133405,134979,212287,248613,50443,325606,497905,121570,96910,189799,47895,74427,370837,540432,93891,93597,68882,60506,71885,42677,267236,71690,65069,114997,450261,43456,57120,39997,220335,64781,86810,343638,6297229,62100,115510,186958,233351,170911,72320,412295,2491579,33570,109749,72127,2019053,1060954,201695,1550244,2453579,1049966,133405,134979,212287,248613,50443,325606,497905,121570,96910,189799,47895,74427,370837,540432,93891,93597,68882,60506,71885,42677,267236,71690,65069,114997,450261,43456,57120,39997,220335,64781,86810,343638,6297229,62100,115510,186958,233351,170911,72320,412295,2491579,33570,109749,72127,2019053,1060954,201695,1550244,2453579,1049966,133405,134979,212287,248613,50443,325606,497905,121570,96910
May-20,187902,45149,76186,368270,552047,91796,96285,69500,62324,71751,43026,277485,70186,65011,119688,446406,41743,56984,42090,225244,66262,88464,354363,6263730,62377,113414,190718,232106,173561,72137,405527,2499631,34637,109444,71000,2020628,1068326,200202,1549978,2448078,1042646,130428,130694,209637,246920,51250,321545,502124,120602,92032,187902,45149,76186,368270,552047,91796,96285,69500,62324,71751,43026,277485,70186,65011,119688,446406,41743,56984,42090,225244,66262,88464,354363,6263730,62377,113414,190718,232106,173561,72137,405527,2499631,34637,109444,71000,2020628,1068326,200202,1549978,2448078,1042646,130428,130694,209637,246920,51250,321545,502124,120602,92032,187902,45149,76186,368270,552047,91796,96285,69500,62324,71751,43026,277485,70186,65011,119688,446406,41743,56984,42090,225244,66262,88464,354363,6263730,62377,113414,190718,232106,173561,72137,405527,2499631,34637,109444,71000,2020628,1068326,200202,1549978,2448078,1042646,130428,130694,209637,246920,51250,321545,502124,120602,92032,187902,45149,76186,368270,552047,91796,96285,69500,62324,71751,43026,277485,70186,65011,119688,446406,41743,56984,42090,225244,66262,88464,354363,6263730,62377,113414,190718,232106,173561,72137,405527,2499631,34637,109444,71000,2020628,1068326,200202,1549978,2448078,1042646,130428,130694,209637,246920,51250,321545,502124,120602,92032,187902,45149,76186,368270,552047,91796,96285,69500,62324,71751,43026,277485,70186,65011,119688,446406,41743,56984,42090,225244,66262,88464,354363,6263730,62377,113414,190718,232106,173561,72137,405527,2499631,34637,109444,71000,2020628,1068326,200202,1549978,2448078,1042646,130428,130694,209637,246920,51250,321545,502124,120602,92032,187902,45149,76186,368270,552047,91796,96285,69500,62324,71751,43026,277485,70186,65011,119688,446406,41743,56984,42090,225244,66262,88464,354363,6263730,62377,113414,190718,232106,173561,72137,405527,2499631,34637,109444,71000,2020628,1068326,200202,1549978,2448078,1042646,130428,130694,209637,246920,51250,321545,502124,120602,92032,187902,45149,76186,368270,552047,91796,96285,69500,62324,71751,43026,277485,70186,65011,119688,446406,41743,56984,42090,225244,66262,88464,354363,6263730,62377,113414,190718,232106,173561,72137,405527,2499631,34637,109444,71000,2020628,1068326,200202,1549978,2448078,1042646,130428,130694,209637,246920,51250,321545,502124,120602,92032
Jun-20,195933,44000,72148,375049,540904,93734,97972,68940,62378,73161,43811,274511,70331,63661,115425,450021,40566,57031,41219,221899,65227,86439,349496,6519105,62205,114591,187486,236496,170172,73298,412869,2479436,34293,108470,72702,2059311,1087766,203516,1584423,2515621,1068607,132859,132288,213557,252242,50825,327409,496222,115135,92547,195933,44000,72148,375049,540904,93734,97972,68940,62378,73161,43811,274511,70331,63661,115425,450021,40566,57031,41219,221899,65227,86439,349496,6519105,62205,114591,187486,236496,170172,73298,412869,2479436,34293,108470,72702,2059311,1087766,203516,1584423,2515621,1068607,132859,132288,213557,252242,50825,327409,496222,115135,92547,195933,44000,72148,375049,540904,93734,97972,68940,62378,73161,43811,274511,70331,63661,115425,450021,40566,57031,41219,221899,65227,86439,349496,6519105,62205,114591,187486,236496,170172,73298,412869,2479436,34293,108470,72702,2059311,1087766,203516,1584423,2515621,1068607,132859,132288,213557,252242,50825,327409,496222,115135,92547,195933,44000,72148,375049,540904,93734,97972,68940,62378,73161,43811,274511,70331,63661,115425,450021,40566,57031,41219,221899,65227,86439,349496,6519105,62205,114591,187486,236496,170172,73298,412869,2479436,34293,108470,72702,2059311,1087766,203516,1584423,2515621,1068607,132859,132288,213557,252242,50825,327409,496222,115135,92547,195933,44000,72148,375049,540904,93734,97972,68940,62378,73161,43811,274511,70331,63661,115425,450021,40566,57031,41219,221899,65227,86439,349496,6519105,62205,114591,187486,236496,170172,73298,412869,2479436,34293,108470,72702,2059311,1087766,203516,1584423,2515621,1068607,132859,132288,213557,252242,50825,327409,496222,115135,92547,195933,44000,72148,375049,540904,93734,97972,68940,62378,73161,43811,274511,70331,63661,115425,450021,40566,57031,41219,221899,65227,86439,349496,6519105,62205,114591,187486,236496,170172,73298,412869,2479436,34293,108470,72702,2059311,1087766,203516,1584423,2515621,1068607,132859,132288,213557,252242,50825,327409,496222,115135,92547,195933,44000,72148,375049,540904,93734,97972,68940,62378,73161,43811,274511,70331,63661,115425,450021,40566,57031,41219,221899,65227,86439,349496,6519105,62205,114591,187486,236496,170172,73298,412869,2479436,34293,108470,72702,2059311,1087766,203516,1584423,2515621,1068607,132859,132288,213557,252242,50825,327409,496222,115135,92547
Jul-20,192610,44787,73471,370501,548368,92846,98731,70239,63803,71720,45026,273584,70061,64781,115239,446614,41201,56774,41629,223120,65937,87932,346561,6547231,61219,112252,190864,237490,173207,72764,412738,2518904,33537,109601,72340,2066063,1085217,199253,1575519,2515020,1066534,132307,131221,210830,253058,51701,323788,500705,117438,97783,192610,44787,73471,370501,548368,92846,98731,70239,63803,71720,45026,273584,70061,64781,115239,446614,41201,56774,41629,223120,65937,87932,346561,6547231,61219,112252,190864,237490,173207,72764,412738,2518904,33537,109601,72340,2066063,1085217,199253,1575519,2515020,1066534,132307,131221,210830,253058,51701,323788,500705,117438,97783,192610,44787,73471,370501,548368,92846,98731,70239,63803,71720,45026,273584,70061,64781,115239,446614,41201,56774,41629,223120,65937,87932,346561,6547231,61219,112252,190864,237490,173207,72764,412738,2518904,33537,109601,72340,2066063,1085217,199253,1575519,2515020,1066534,132307,131221,210830,253058,51701,323788,500705,117438,97783,192610,44787,73471,370501,548368,92846,98731,70239,63803,71720,45026,273584,70061,64781,115239,446614,41201,56774,41629,223120,65937,87932,346561,6547231,61219,112252,190864,237490,173207,72764,412738,2518904,33537,109601,72340,2066063,1085217,199253,1575519,2515020,1066534,132307,131221,210830,253058,51701,323788,500705,117438,97783,192610,44787,73471,370501,548368,92846,98731,70239,63803,71720,45026,273584,70061,64781,115239,446614,41201,56774,41629,223120,65937,87932,346561,6547231,61219,112252,190864,237490,173207,72764,412738,2518904,33537,109601,72340,2066063,1085217,199253,1575519,2515020,1066534,132307,131221,210830,253058,51701,323788,500705,117438,97783,192610,44787,73471,370501,548368,92846,98731,70239,63803,71720,45026,273584,70061,64781,115239,446614,41201,56774,41629,223120,65937,87932,346561,6547231,61219,112252,190864,237490,173207,72764,412738,2518904,33537,109601,72340,2066063,1085217,199253,1575519,2515020,1066534,132307,131221,210830,253058,51701,323788,500705,117438,97783,192610,44787,73471,370501,548368,92846,98731,70239,63803,71720,45026,273584,70061,64781,115239,446614,41201,56774,41629,223120,65937,87932,346561,6547231,61219,112252,190864,237490,173207,72764,412738,2518904,33537,109601,72340,2066063,1085217,199253,1575519,2515020,1066534,132307,131221,210830,253058,51701,323788,500705,117438,97783
Aug-20,184656,44829,75453,368318,551792,93038,98267,71362,63937,68236,43184,278306,66826,66006,117282,442393,41299,55010,42482,227915,66891,83356,351783,6485387,61477,112487,188231,235516,172262,71566,404632,2411379,34099,105732,72260,2023269,1072056,194764,1553528,2471727,1050816,128900,128379,209910,250791,50003,319738,476987,119672,90264,184656,44829,75453,368318,551792,93038,98267,71362,63937,68236,43184,278306,66826,66006,117282,442393,41299,55010,42482,227915,66891,83356,351783,6485387,61477,112487,188231,235516,172262,71566,404632,2411379,34099,105732,72260,2023269,1072056,194764,1553528,2471727,1050816,128900,128379,209910,250791,50003,319738,476987,119672,90264,184656,44829,75453,368318,551792,93038,98267,71362,63937,68236,43184,278306,66826,66006,117282,442393,41299,55010,42482,227915,66891,83356,351783,6485387,61477,112487,188231,235516,172262,71566,404632,2411379,34099,105732,72260,2023269,1072056,194764,1553528,2471727,1050816,128900,128379,209910,250791,50003,319738,476987,119672,90264,184656,44829,75453,368318,551792,93038,98267,71362,63937,68236,43184,278306,66826,66006,117282,442393,41299,55010,42482,227915,66891,83356,351783,6485387,61477,112487,188231,235516,172262,71566,404632,2411379,34099,105732,72260,2023269,1072056,194764,1553528,2471727,1050816,128900,128379,209910,250791,50003,319738,476987,119672,90264,184656,44829,75453,368318,551792,93038,98267,71362,63937,68236,43184,278306,66826,66006,117282,442393,41299,55010,42482,227915,66891,83356,351783,6485387,61477,112487,188231,235516,172262,71566,404632,2411379,34099,105732,72260,2023269,1072056,194764,1553528,2471727,1050816,128900,128379,209910,250791,50003,319738,476987,119672,90264,184656,44829,75453,368318,551792,93038,98267,71362,63937,68236,43184,278306,66826,66006,117282,442393,41299,55010,42482,227915,66891,83356,351783,6485387,61477,112487,188231,235516,172262,71566,404632,2411379,34099,105732,72260,2023269,1072056,194764,1553528,2471727,1050816,128900,128379,209910,250791,50003,319738,476987,119672,90264,184656,44829,75453,368318,551792,93038,98267,71362,63937,68236,43184,278306,66826,66006,117282,442393,41299,55010,42482,227915,66891,83356,351783,6485387,61477,112487,188231,235516,172262,71566,404632,2411379,34099,105732,72260,2023269,1072056,194764,1553528,2471727,1050816,128900,128379,209910,250791,50003,319738,476987,119672,90264
Sep-20,187814,45314,75874,365929,550963,93147,97719,71643,63987,67454,43877,279873,69962,65727,117369,440589,41385,54897,41883,227769,67841,87378,349820,6525145,61378,113891,190136,235018,172987,71465,405955,2539446,34218,109981,72041,2030368,1074557,193289,1555130,2472848,1053021,129170,127830,211126,250710,52305,320692,499135,120464,97429,187814,45314,75874,365929,550963,93147,97719,71643,63987,67454,43877,279873,69962,65727,117369,440589,41385,54897,41883,227769,67841,87378,349820,6525145,61378,113891,190136,235018,172987,71465,405955,2539446,34218,109981,72041,2030368,1074557,193289,1555130,2472848,1053021,129170,127830,211126,250710,52305,320692,499135,120464,97429,187814,45314,75874,365929,550963,93147,97719,71643,63987,67454,43877,279873,69962,65727,117369,440589,41385,54897,41883,227769,67841,87378,349820,6525145,61378,113891,190136,235018,172987,71465,405955,2539446,34218,109981,72041,2030368,1074557,193289,1555130,2472848,1053021,129170,127830,211126,250710,52305,320692,499135,120464,97429,187814,45314,75874,365929,550963,93147,97719,71643,63987,67454,43877,279873,69962,65727,117369,440589,41385,54897,41883,227769,67841,87378,349820,6525145,61378,113891,190136,235018,172987,71465,405955,2539446,34218,109981,72041,2030368,1074557,193289,1555130,2472848,1053021,129170,127830,211126,250710,52305,320692,499135,120464,97429,187814,45314,75874,365929,550963,93147,97719,71643,63987,67454,43877,279873,69962,65727,117369,440589,41385,54897,41883,227769,67841,87378,349820,6525145,61378,113891,190136,235018,172987,71465,405955,2539446,34218,109981,72041,2030368,1074557,193289,1555130,2472848,1053021,129170,127830,211126,250710,52305,320692,499135,120464,97429,187814,45314,75874,365929,550963,93147,97719,71643,63987,67454,43877,279873,69962,65727,117369,440589,41385,54897,41883,227769,67841,87378,349820,6525145,61378,113891,190136,235018,172987,71465,405955,2539446,34218,109981,72041,2030368,1074557,193289,1555130,2472848,1053021,129170,127830,211126,250710,52305,320692,499135,120464,97429,187814,45314,75874,365929,550963,93147,97719,71643,63987,67454,43877,279873,69962,65727,117369,440589,41385,54897,41883,227769,67841,87378,349820,6525145,61378,113891,190136,235018,172987,71465,405955,2539446,34218,109981,72041,2030368,1074557,193289,1555130,2472848,1053021,129170,127830,211126,250710,52305,320692,499135,120464,97429
Oct-20,200710,44790,76179,380684,549137,96263,95660,71437,63866,68727,46207,279616,70110,65345,116352,450385,41152,56332,41001,227553,67040,87420,343608,6715275,61811,116513,189342,240848,171119,73547,420029,2547632,33639,109113,75387,2110265,1112426,195464,1610859,2557035,1096177,135999,131656,218203,258062,52183,330224,499137,119005,97528,200710,44790,76179,380684,549137,96263,95660,71437,63866,68727,46207,279616,70110,65345,116352,450385,41152,56332,41001,227553,67040,87420,343608,6715275,61811,116513,189342,240848,171119,73547,420029,2547632,33639,109113,75387,2110265,1112426,195464,1610859,2557035,1096177,135999,131656,218203,258062,52183,330224,499137,119005,97528,200710,44790,76179,380684,549137,96263,95660,71437,63866,68727,46207,279616,70110,65345,116352,450385,41152,56332,41001,227553,67040,87420,343608,6715275,61811,116513,189342,240848,171119,73547,420029,2547632,33639,109113,75387,2110265,1112426,195464,1610859,2557035,1096177,135999,131656,218203,258062,52183,330224,499137,119005,97528,200710,44790,76179,380684,549137,96263,95660,71437,63866,68727,46207,279616,70110,65345,116352,450385,41152,56332,41001,227553,67040,87420,343608,6715275,61811,116513,189342,240848,171119,73547,420029,2547632,33639,109113,75387,2110265,1112426,195464,1610859,2557035,1096177,135999,131656,218203,258062,52183,330224,499137,119005,97528,200710,44790,76179,380684,549137,96263,95660,71437,63866,68727,46207,279616,70110,65345,116352,450385,41152,56332,41001,227553,67040,87420,343608,6715275,61811,116513,189342,240848,171119,73547,420029,2547632,33639,109113,75387,2110265,1112426,195464,1610859,2557035,1096177,135999,131656,218203,258062,52183,330224,499137,119005,97528,200710,44790,76179,380684,549137,96263,95660,71437,63866,68727,46207,279616,70110,65345,116352,450385,41152,56332,41001,227553,67040,87420,343608,6715275,61811,116513,189342,240848,171119,73547,420029,2547632,33639,109113,75387,2110265,1112426,195464,1610859,2557035,1096177,135999,131656,218203,258062,52183,330224,499137,119005,97528,200710,44790,76179,380684,549137,96263,95660,71437,63866,68727,46207,279616,70110,65345,116352,450385,41152,56332,41001,227553,67040,87420,343608,6715275,61811,116513,189342,240848,171119,73547,420029,2547632,33639,109113,75387,2110265,1112426,195464,1610859,2557035,1096177,135999,131656,218203,258062,52183,330224,499137,119005,97528